ИТР,Улица,ITR Street,3,,
Алая,Улица,Alaya Street,4,,
Мира,Улица,Mira Street,4,,
Белый,Переулок,Beliy Lane,5,,
Малый,Переулок,Malyi Lane,5,,
Сухой,Переулок,Sukhoy Lane,5,,
Талый,Переулок,Taliy Lane,5,,
Тихий,Переулок,Tikhiy Lane,5,,
Узкий,Переулок,Uzkiy Lane,5,,
Щучий,Переулок,Shchuchiy Lane,5,,
Южный,Переулок,Yuzhny Lane,5,,
Труда,Площадь,Truda Square,5,,
Южный,Проезд,Yuzhny Drive,5,,
Исток,Станция,Istok Station,5,,
9 Мая,Улица,9 Maya Street,5,,
Азина,Улица,Azina Street,5,,
Деева,Улица,Deyeva Street,5,,
МОПРа,Улица,MOPRa Street,5,,"4–8 знаков
длинна 1330 мм"
Новая,Улица,Novaya Street,5,,
Пески,Улица,Pyeski Street,5,,
Труда,Улица,Truda Street,5,,
Хутор,Улица,Khutor Street,5,,"9–13 знаков
длина 1630 мм"
Щорса,Улица,Shchorsa Street,5,,
Южная,Улица,Yuzhnaya Street,5,,
Яркая,Улица,Yarkaya Street,5,,"14 и более знаков
длина 1930 мм"
Ясная,Улица,Yasnaya Street,5,,
Речной,Бульвар,Rechnoy Boulevard,6,,
Акаций,Переулок,Akatsiy Lane,6,,
Банный,Переулок,Banniy Lane,6,,
Бодрый,Переулок,Bodry Lane,6,,
Боевой,Переулок,Boyevoy Lane,6,,
Врачей,Переулок,Vrachey Lane,6,,
Дружбы,Переулок,Druzhby Lane,6,,
Ежовый,Переулок,Yezhovy Lane,6,,
Ершова,Переулок,Yershova Lane,6,,
Званый,Переулок,Zvany Lane,6,,
Лесной,Переулок,Lesnoy Lane,6,,
Музыки,Переулок,Muzyki Lane,6,,
Прямой,Переулок,Pryamoy Lane,6,,
Речной,Переулок,Rechnoy Lane,6,,
Ржаной,Переулок,Rzhanoy Lane,6,,
Удалой,Переулок,Udaloy Lane,6,,
Уютный,Переулок,Uyutny Lane,6,,
Чупина,Переулок,Chupina Lane,6,,
Шорный,Переулок,Shorniy Lane,6,,
Яровой,Переулок,Yarovoy Lane,6,,
Ермака,Площадь,Yermaka Square,6,,
Кирова,Площадь,Kirova Square,6,,
Первый,Проезд,Perviy Drive,6,,
Ленина,Проспект,Lenina Avenue,6,,
Седова,Проспект,Sedova Avenue,6,,
Артёма,Улица,Artyoma Street,6,,
Бажова,Улица,Bazhova Street,6,,
Бебеля,Улица,Bebelya Street,6,,
Вакина,Улица,Vakina Street,6,,
Видная,Улица,Vidnaya Street,6,,
Водная,Улица,Vodnaya Street,6,,
Воинов,Улица,Voinov Street,6,,
Глухая,Улица,Glukhaya Street,6,,
Гоголя,Улица,Gogolya Street,6,,
Грачей,Улица,Grachey Street,6,,
Дачная,Улица,Dachnaya Street,6,,
Дивная,Улица,Divnaya Street,6,,
Дружбы,Улица,Druzhby Street,6,,
Ермака,Улица,Yermaka Street,6,,
Зимняя,Улица,Zimnyaya Street,6,,
Ивовая,Улица,Ivovaya Street,6,,
Ильича,Улица,Ilyicha Street,6,,
Кирова,Улица,Kirova Street,6,,
Крауля,Улица,Kraulya Street,6,,
Крутая,Улица,Krutaya Street,6,,
Ленина,Улица,Lenina Street,6,,
Лесная,Улица,Lesnaya Street,6,,
Летняя,Улица,Letnyaya Street,6,,
Лунная,Улица,Lunnaya Street,6,,
Марата,Улица,Marata Street,6,,
Медная,Улица,Mednaya Street,6,,
Мятная,Улица,Myatnaya Street,6,,
Нижняя,Улица,Nizhnyaya Street,6,,
Омская,Улица,Omskaya Street,6,,
Отдыха,Улица,Otdykha Street,6,,
Победы,Улица,Pobedy Street,6,,
Попова,Улица,Popova Street,6,,
Репина,Улица,Repina Street,6,,
Речная,Улица,Rechnaya Street,6,,
Ротная,Улица,Rotnaya Street,6,,
Рыбная,Улица,Rybnaya Street,6,,
Сенная,Улица,Sennaya Street,6,,
Серова,Улица,Serova Street,6,,
Стачек,Улица,Stachek Street,6,,
Тёплая,Улица,Tyoplaya Street,6,,
Титова,Улица,Titova Street,6,,
Ткачей,Улица,Tkachey Street,6,,
Фрунзе,Улица,Frunze Street,6,,
Чехова,Улица,Chekhova Street,6,,
Чистая,Улица,Chistaya Street,6,,
Юности,Улица,Yunosti Street,6,,
Ямская,Улица,Yamskaya Street,6,,
Авейде ,Переулок,Aveyde Lane,7,,
Аятский,Переулок,Ayatskiy Lane,7,,
Базовый,Переулок,Bazovy Lane,7,,
Боковой,Переулок,Bokovoy Lane,7,,
Валовой,Переулок,Valovoy Lane,7,,
Верхний,Переулок,Verkhniy Lane,7,,
Весёлый,Переулок,Vesyoly Lane,7,,
Высокий,Переулок,Vysokiy Lane,7,,
Вьюжный,Переулок,Vyuzhny Lane,7,,
Вязовый,Переулок,Vyazovy Lane,7,,
Газовый,Переулок,Gazovy Lane,7,,
Горский,Переулок,Gorskiy Lane,7,,
Грибной,Переулок,Gribnoy Lane,7,,
Дружный,Переулок,Druzhny Lane,7,,
Заезжий,Переулок,Zayezzhiy Lane,7,,
Звонкий,Переулок,Zvonkiy Lane,7,,
Здешний,Переулок,Zdeshniy Lane,7,,
Зелёный,Переулок,Zelyony Lane,7,,
Казачий,Переулок,Kazachiy Lane,7,,
Клубный,Переулок,Klubny Lane,7,,
Ключики,Переулок,Klyuchiki Lane,7,,
Книжный,Переулок,Knizhny Lane,7,,
Краевой,Переулок,Krayevoy Lane,7,,
Крайний,Переулок,Krayniy Lane,7,,
Красный,Переулок,Krasny Lane,7,,
Лебяжий,Переулок,Lebyazhiy Lane,7,,
Летящий,Переулок,Letyashchiy Lane,7,,
Липовый,Переулок,Lipovy Lane,7,,
Лозовой,Переулок,Lozovoy Lane,7,,
Лосиный,Переулок,Losiny Lane,7,,
Медиков,Переулок,Medikov Lane,7,,
Местный,Переулок,Mestny Lane,7,,
Моховой,Переулок,Mokhovoy Lane,7,,
Низовой,Переулок,Nizovoy Lane,7,,
Обозный,Переулок,Obozny Lane,7,,
Озёрный,Переулок,Ozyorny Lane,7,,
Пологий,Переулок,Pologiy Lane,7,,
Рижский,Переулок,Rizhskiy Lane,7,,
Садовый,Переулок,Sadovy Lane,7,,
Сапёров,Переулок,Sapyorov Lane,7,,
Светлый,Переулок,Svetly Lane,7,,
Связной,Переулок,Svyaznoy Lane,7,,
Таёжный,Переулок,Tayozhny Lane,7,,
Угловой,Переулок,Uglovoy Lane,7,,
Химиков,Переулок,Khimikov Lane,7,,
Хоровой,Переулок,Khorovoy Lane,7,,
Широкий,Переулок,Shirokiy Lane,7,,
Шофёров,Переулок,Shofyorov Lane,7,,
Якорный,Переулок,Yakorny Lane,7,,
Обороны,Площадь,Oborony Square,7,,
Керамик,Станция,Keramik Station,7,,
Палкино,Станция,Palkino Station,7,,
Путёвка,Станция,Putyovka Station,7,,
8 Марта,Улица,8 Marta Street,7,,
Азотная,Улица,Azotnaya Street,7,,
Акулова,Улица,Akulova Street,7,,
Баумана,Улица,Baumana Street,7,,
Блюхера,Улица,Blyukhera Street,7,,
Боровая,Улица,Borovaya Street,7,,
Вайнера,Улица,Vaynera Street,7,,
Вековая,Улица,Vekovaya St.,7,,
Вербная,Улица,Verbnaya Street,7,,
Верхняя,Улица,Verkhnyaya Street,7,,
Военная,Улица,Voyennaya Street,7,,
Войкова,Улица,Voykova Street,7,,
Вятская,Улица,Vyatskaya Street,7,,
Галилея,Улица,Galileya Street,7,,
Гаршина,Улица,Garshina Street,7,,
Герцена,Улица,Herzena Street,7,,
Главная,Улица,Glavnaya Street,7,,
Глинная,Улица,Glinnaya Street,7,,
Громова,Улица,Gromova Street,7,,
Далёкая,Улица,Dalyokaya Street,7,,
Дальняя,Улица,Dalnyaya Street,7,,
Дарвина,Улица,Darwina Street,7,,
Детская,Улица,Detskaya Street,7,,
Долинка,Улица,Dolinka Street,7,,
Донская,Улица,Donskaya Street,7,,
Егорова,Улица,Yegorova Street,7,,
Жиловка,Улица,Zhilovka Street,7,,
Залесья,Улица,Zalesya Street,7,,
Зелёная,Улица,Zelyonaya Street,7,,
Земская,Улица,Zemskaya Street,7,,
Зорянка,Улица,Zoryanka Street,7,,
Иванова,Улица,Ivanova Street,7,,
Каменка,Улица,Kamenka Street,7,,
Камская,Улица,Kamskaya Street,7,,
Красина,Улица,Krasina Street,7,,
Красная,Улица,Krasnaya Street,7,,
Крылова,Улица,Krylova Street,7,,
Лиловая,Улица,Lilovaya Street,7,,
Лобкова,Улица,Lobkova Street,7,,
Лощинка,Улица,Loshchinka Street,7,,
Луговая,Улица,Lugovaya Street,7,,
Лукиных,Улица,Lukinykh Street,7,,
Лучевая,Улица,Luchevaya Street,7,,
Майская,Улица,Mayskaya Street,7,,
Махнёва,Улица,Makhnyova Street,7,,
Медовая,Улица,Medovaya Street,7,,
Межевая,Улица,Mezhevaya Street,7,,
Михеева,Улица,Mikheyeva Street,7,,
Молебка,Улица,Molebka Street,7,,
Овощная,Улица,Ovoshchnaya Street,7,,
Овражек,Улица,Ovrazhek Street,7,,
Огарёва,Улица,Ogaryova Street,7,,
Озёрная,Улица,Ozyornaya Street,7,,
Опорная,Улица,Opornaya Street,7,,
Опытная,Улица,Opytnaya Street,7,,
Оседлая,Улица,Osedlaya Street,7,,
Полевая,Улица,Polevaya Street,7,,
Полянка,Улица,Polyanka Street,7,,
Пушкина,Улица,Pushkina Street,7,,
Рабочая,Улица,Rabochaya Street,7,,
Рабочих,Улица,Rabochikh Street,7,,
Росянка,Улица,Rosyanka Street,7,,
Рыбаков,Улица,Rybakov Street,7,,
Садовая,Улица,Sadovaya Street,7,,
Свободы,Улица,Svobody Street,7,,
Сибирка,Улица,Sibirka Street,7,,
Симская,Улица,Simskaya Street,7,,
Синяева,Улица,Sinyayeva Street,7,,
Славная,Улица,Slavnaya Street,7,,
Союзная,Улица,Soyuznaya Street,7,,
Степная,Улица,Stepnaya Street,7,,
Таёжная,Улица,Tayozhnaya Street,7,,
Тисовая,Улица,Tisovaya Street,7,,
Токарей,Улица,Tokarey Street,7,,
Тяговая,Улица,Tyagovaya Street,7,,
Удачная,Улица,Udachnaya Street,7,,
Узорная,Улица,Uzornaya Street,7,,
Учебная,Улица,Uchebnaya Street,7,,
Физиков,Улица,Fizikov Street,7,,
Фролова,Улица,Frolova Street,7,,
Хвойная,Улица,Khvoynaya Street,7,,
Хлебная,Улица,Khlebnaya Street,7,,
Хмелева,Улица,Khmeleva Street,7,,
Царская,Улица,Tsarskaya Street,7,,
Чапаева,Улица,Chapayeva Street,7,,
Чкалова,Улица,Chkalova Street,7,,
Шаумяна,Улица,Shaumyana Street,7,,
Шефская,Улица,Shefskaya Street,7,,
Юмашева,Улица,Yumasheva Street,7,,
Ягодная,Улица,Yagodnaya Street,7,,
Яламова,Улица,Yalamova Street,7,,
Зелёный ,Бульвар,Zelyony Boulevard,8,,
Азовский,Переулок,Azovskiy Lane,8,,
Багряный,Переулок,Bagryany Lane,8,,
Бобровый,Переулок,Bobrovy Lane,8,,
Букетный,Переулок,Buketny Lane,8,,
Вагонный,Переулок,Vagonny Lane,8,,
Ветреный,Переулок,Vetreny Lane,8,,
Вечерний,Переулок,Vecherniy Lane,8,,
Виражный,Переулок,Virazhny Lane,8,,
Выездной,Переулок,Vyyezdnoy Lane,8,,
Выходной,Переулок,Vykhodnoy Lane,8,,
Гагарина,Переулок,Gagarina Lane,8,,
Гаевский,Переулок,Gayevskiy Lane,8,,
Дерновый,Переулок,Dernovy Lane,8,,
Джамбула,Переулок,Dzhambula Lane,8,,
Дозорный,Переулок,Dozorny Lane,8,,
Еланский,Переулок,Yelanskiy Lane,8,,
Еловский,Переулок,Yelovskiy Lane,8,,
Заветный,Переулок,Zavetny Lane,8,,
Задорный,Переулок,Zadorny Lane,8,,
Закатный,Переулок,Zakatny Lane,8,,
Замятина,Переулок,Zamyatina Lane,8,,
Западный,Переулок,Zapadny Lane,8,,
Зарядный,Переулок,Zaryadny Lane,8,,
Звёздный,Переулок,Zvyozdny Lane,8,,
Землячки,Переулок,Zemlyachki Lane,8,,
Зерновой,Переулок,Zernovoy Lane,8,,
Ирисовый,Переулок,Irisovy Lane,8,,
Искусный,Переулок,Iskusny Lane,8,,
Ишимский,Переулок,Ishimskiy Lane,8,,
Кадровый,Переулок,Kadrovy Lane,8,,
Каменный,Переулок,Kamenny Lane,8,,
Канатный,Переулок,Kanatny Lane,8,,
Ковровый,Переулок,Kovrovy Lane,8,,
Кольцова,Переулок,Koltsova Lane,8,,
Корневой,Переулок,Kornevoy Lane,8,,
Короткий,Переулок,Korotkiy Lane,8,,
Кофейный,Переулок,Kofeyny Lane,8,,
Крымский,Переулок,Krymskiy Lane,8,,
Кустовой,Переулок,Kustovoy Lane,8,,
Лазурный,Переулок,Lazurny Lane,8,,
Лечебный,Переулок,Lechebny Lane,8,,
Молочный,Переулок,Molochny Lane,8,,
Монетный,Переулок,Monetny Lane,8,,
Морозный,Переулок,Morozny Lane,8,,
Нарезной,Переулок,Nareznoy Lane,8,,
Насосный,Переулок,Nasosny Lane,8,,
Никитина,Переулок,Nikitina Lane,8,,
Обходной,Переулок,Obkhodnoy Lane,8,,
Октябрят,Переулок,Oktyabryat Lane,8,,
Опаловый,Переулок,Opalovy Lane,8,,
Осенний ,Переулок,Osenniy Lane,8,,
Осиновый,Переулок,Osinovy Lane,8,,
Осипенко,Переулок,Osipenko Lane,8,,
Парковый,Переулок,Parkovy Lane,8,,
Писарева,Переулок,Pisareva Lane,8,,
Потешный,Переулок,Poteshny Lane,8,,
Поточный,Переулок,Potochny Lane,8,,
Почтовый,Переулок,Pochtovy Lane,8,,
Проезжий,Переулок,Proyezzhiy Lane,8,,
Режимный,Переулок,Rezhimny Lane,8,,
Свирский,Переулок,Svirskiy Lane,8,,
Северный,Переулок,Severny Lane,8,,
Ситцевый,Переулок,Sittsevy Lane,8,,
Слюдяной,Переулок,Slyudyanoy Lane,8,,
Смоляной,Переулок,Smolyanoy Lane,8,,
Снегирей,Переулок,Snegirey Lane,8,,
Сосновый,Переулок,Sosnovy Lane,8,,
Становой,Переулок,Stanovoy Lane,8,,
Строевой,Переулок,Stroyevoy Lane,8,,
Струнный,Переулок,Strunny Lane,8,,
Студёный,Переулок,Studyony Lane,8,,
Тверской,Переулок,Tverskoy Lane,8,,
Терновый,Переулок,Ternovy Lane,8,,
Торфяной,Переулок,Torfyanoy Lane,8,,
Туманный,Переулок,Tumanny Lane,8,,
Укромный,Переулок,Ukromny Lane,8,,
Утренний,Переулок,Utrenniy Lane,8,,
Фёдорова,Переулок,Fyodorova Lane,8,,
Чаадаева,Переулок,Chaadayeva Lane,8,,
Чуцкаева,Переулок,Chutskayeva Lane,8,,
Шаронова,Переулок,Sharonova Lane,8,,
Шахтовый,Переулок,Shakhtovy Lane,8,,
Школьный,Переулок,Shkolny Lane,8,,
Юзовский,Переулок,Yuzovskiy Lane,8,,
Малышева,Площадь,Malysheva Square,8,,
Березит ,Станция,Berezit Station,8,,
Лечебный,Станция,Lechebny Station,8,,
Хуторята,Станция,Khutoryata Station,8,,
Агатовая,Улица,Agatovaya Street,8,,
Аграрная,Улица,Agrarnaya Street,8,,
Аксакова,Улица,Aksakova Street,8,,
Алмазная,Улица,Almaznaya Street,8,,
Амурская,Улица,Amurskaya Street,8,,
Арамилка,Улица,Aramilka Street,8,,
Ачинская,Улица,Achinskaya Street,8,,
Багерная,Улица,Bagernaya Street,8,,
Багровая,Улица,Bagrovaya Street,8,,
Барвинка,Улица,Barvinka Street,8,,
Белякова,Улица,Belyakova Street,8,,
Бережная,Улица,Berezhnaya Street,8,,
Бокарева,Улица,Bokareva Street,8,,
Болотная,Улица,Bolotnaya Street,8,,
Бородина,Улица,Borodina Street,8,,
Братская,Улица,Bratskaya Street,8,,
Буторина,Улица,Butorina Street,8,,
Былинная,Улица,Bylinnaya Street,8,,
Валежная,Улица,Valezhnaya Street,8,,
Ватутина,Улица,Vatutina Street,8,,
Верховая,Улица,Verkhovaya Street,8,,
Весенняя,Улица,Vesennyaya Street,8,,
Веснянка,Улица,Vesnyanka Street,8,,
Визитная,Улица,Vizitnaya Street,8,,
Вилонова,Улица,Vilonova Street,8,,
Вишнёвая,Улица,Vishnyovaya Street,8,,
Волжская,Улица,Volzhskaya Street,8,,
Волошина,Улица,Voloshina Street,8,,
Воронина,Улица,Voronina Street,8,,
Высотная,Улица,Vysotnaya Street,8,,
Гагарина,Улица,Gagarina Street,8,,
Газетная,Улица,Gazetnaya Street,8,,
Гаражная,Улица,Garazhnaya Street,8,,
Гастелло,Улица,Gastello Street,8,,
Геологов,Улица,Geologov Street,8,,
Горлинка,Улица,Gorlinka Street,8,,
Горняков,Улица,Gornyakov Street,8,,
Горького,Улица,Gorkogo Street,8,,
Грушевая,Улица,Grushevaya Street,8,,
Гумилёва,Улица,Gumilyova Street,8,,
Данилина,Улица,Danilina Street,8,,
Даурская,Улица,Daurskaya Street,8,,
Дорожная,Улица,Dorozhnaya Street,8,,
Доронина,Улица,Doronina Street,8,,
Егерская,Улица,Yegerskaya Street,8,,
Желябова,Улица,Zhelyabova Street,8,,
Западная,Улица,Zapadnaya Street,8,,
Заречная,Улица,Zarechnaya Street,8,,
Защитная,Улица,Zashchitnaya Street,8,,
Звёздная,Улица,Zvyozdnaya Street,8,,
Илимская,Улица,Ilimskaya Street,8,,
Исетская,Улица,Isetskaya Street,8,,
Источная,Улица,Istochnaya Street,8,,
Июльская,Улица,Iyulskaya Street,8,,
Калинина,Улица,Kalinina Street,8,,
Каманина,Улица,Kamanina Street,8,,
Кедровая,Улица,Kedrovaya Street,8,,
Кленовая,Улица,Klenovaya Street,8,,
Кобозева,Улица,Kobozeva Street,8,,
Кометная,Улица,Kometnaya Street,8,,
Корепина,Улица,Korepina Street,8,,
Косарева,Улица,Kosareva Street,8,,
Кренкеля,Улица,Krenkelya Street,8,,
Круговая,Улица,Krugovaya Street,8,,
Крупской,Улица,Krupskoy Street,8,,
Кулибина,Улица,Kulibina Street,8,,
Культуры,Улица,Kultury Street,8,,
Кутузова,Улица,Kutuzova Street,8,,
Лагерная,Улица,Lagernaya Street,8,,
Лапчатка,Улица,Lapchatka Street,8,,
Левитана,Улица,Levitana Street,8,,
Лётчиков,Улица,Lyotchikov Street,8,,
Линейная,Улица,Lineynaya Street,8,,
Лодыгина,Улица,Lodygina Street,8,,
Лучистая,Улица,Luchistaya Street,8,,
Лыжников,Улица,Lyzhnikov Street,8,,
Малышева,Улица,Malysheva Street,8,,
Мастеров,Улица,Masterov Street,8,,
Машинная,Улица,Mashinnaya Street,8,,
Миасская,Улица,Miasskaya Street,8,,
Мичурина,Улица,Michurina Street,8,,
Молодёжи,Улица,Molodyozhi Street,8,,
Москвина,Улица,Moskvina Street,8,,
Мостовая,Улица,Mostovaya Street,8,,
Мостовка,Улица,Mostovka Street,8,,
Нагорная,Улица,Nagornaya Street,8,,
Одинарка,Улица,Odinarka Street,8,,
Окружная,Улица,Okruzhnaya Street,8,,
Ольховая,Улица,Olkhovaya Street,8,,
Онежская,Улица,Onezhskaya Street,8,,
Ореховая,Улица,Orekhovaya Street,8,,
Осоковая,Улица,Osokovaya Street,8,,
Отрадная,Улица,Otradnaya Street,8,,
Папанина,Улица,Papanina Street,8,,
Парковая,Улица,Parkovaya Street,8,,
Пермская,Улица,Permskaya Street,8,,
Песчаная,Улица,Peschanaya Street,8,,
Пикетная,Улица,Piketnaya Street,8,,
Пилотная,Улица,Pilotnaya Street,8,,
Пионеров,Улица,Pionerov Street,8,,
Пионовая,Улица,Pionovaya Street,8,,
Пирогова,Улица,Pirogova Street,8,,
Пихтовая,Улица,Pikhtovaya Street,8,,
Плодовая,Улица,Plodovaya Street,8,,
Пожарных,Улица,Pozharnykh Street,8,,
Покосная,Улица,Pokosnaya Street,8,,
Полковая,Улица,Polkovaya Street,8,,
Полынная,Улица,Polynnaya Street,8,,
Полюсная,Улица,Polyusnaya Street,8,,
Посевная,Улица,Posevnaya Street,8,,
Постовая,Улица,Postovaya Street,8,,
Походная,Улица,Pokhodnaya Street,8,,
Проезжая,Улица,Proyezzhaya Street,8,,
Прониной,Улица,Proninoy Street,8,,
Прохожая,Улица,Prokhozhaya Street,8,,
Рабкоров,Улица,Rabkorov Street,8,,
Радищева,Улица,Radishcheva Street,8,,
Радужная,Улица,Raduzhnaya Street,8,,
Ракетная,Улица,Raketnaya Street,8,,
Расковой,Улица,Raskovoy Street,8,,
Рейсовая,Улица,Reysovaya Street,8,,
Ржевская,Улица,Rzhevskaya Street,8,,
Рубежная,Улица,Rubezhnaya Street,8,,
Ручейная,Улица,Rucheynaya Street,8,,
Рябинина,Улица,Ryabinina Street,8,,
Сазонова,Улица,Sazonova Street,8,,
Сельская,Улица,Selskaya Street,8,,
Семейная,Улица,Semeynaya Street,8,,
Скальная,Улица,Skalnaya Street,8,,
Соболева,Улица,Soboleva Street,8,,
Сосновая,Улица,Sosnovaya Street,8,,
Сулимова,Улица,Sulimova Street,8,,
Сурикова,Улица,Surikova Street,8,,
Татищева,Улица,Tatishcheva Street,8,,
Тельмана,Улица,Telmana Street,8,,
Тенистая,Улица,Tenistaya Street,8,,
Товарная,Улица,Tovarnaya Street,8,,
Толедова,Улица,Toledova Street,8,,
Толстого,Улица,Tolstogo Street,8,,
Торговая,Улица,Torgovaya Street,8,,
Торфяная,Улица,Torfyanaya Street,8,,
Травяная,Улица,Travyanaya Street,8,,
Троицкая,Улица,Troitskaya Street,8,,
Трудовая,Улица,Trudovaya Street,8,,
Туристов,Улица,Turistov Street,8,,
Удельная,Улица,Udelnaya Street,8,,
Уланская,Улица,Ulanskaya Street,8,,
Умельцев,Улица,Umeltsev Street,8,,
Урицкого,Улица,Uritskogo Street,8,,
Успешная,Улица,Uspeshnaya Street,8,,
Уфимская,Улица,Ufimskaya Street,8,,
Учителей,Улица,Uchiteley Street,8,,
Фигурная,Улица,Figurnaya Street,8,,
Флотская,Улица,Flotskaya Street,8,,
Хомякова,Улица,Khomyakova Street,8,,
Чебышева,Улица,Chebysheva Street,8,,
Чеверева,Улица,Chevereva Street,8,,
Чекистов,Улица,Chekistov Street,8,,
Шатровая,Улица,Shatrovaya Street,8,,
Шевелёва,Улица,Shevelyova Street,8,,
Шевченко,Улица,Shevchenko Street,8,,
Шекспира,Улица,Shakespeara Street,8,,
Широтная,Улица,Shirotnaya Street,8,,
Школьная,Улица,Shkolnaya Street,8,,
Шолохова,Улица,Sholokhova Street,8,,
Экодолья,Улица,Ekodolya Street,8,,
Энгельса,Улица,Engelsa Street,8,,
Якутская,Улица,Yakutskaya Street,8,,
Янтарная,Улица,Yantarnaya Street,8,,
Ясеневая,Улица,Yasenevaya Street,8,,
Сиреневый,Бульвар,Sirenevy Boulevard,9,,
Калиновка,Микрорайон,Kalinovka Microdistrict,9,,
Артельный,Переулок,Artelny Lane,9,,
Батумский,Переулок,Batumskiy Lane,9,,
Бесшумный,Переулок,Besshumny Lane,9,,
Висимский,Переулок,Visimskiy Lane,9,,
Вишерский,Переулок,Visherskiy Lane,9,,
Волшебный,Переулок,Volshebny Lane,9,,
Встречный,Переулок,Vstrechny Lane,9,,
Гаринский,Переулок,Garinskiy Lane,9,,
Гончарный,Переулок,Goncharny Lane,9,,
Деповский,Переулок,Depovskiy Lane,9,,
Дизельный,Переулок,Dizelny Lane,9,,
Древесный,Переулок,Drevesny Lane,9,,
Дунитовый,Переулок,Dunitovy Lane,9,,
Жемчужный,Переулок,Zhemchuzhny Lane,9,,
Запрудный,Переулок,Zaprudny Lane,9,,
Зырянский,Переулок,Zyryanskiy Lane,9,,
Ильинский,Переулок,Ilyinskiy Lane,9,,
Иртышский,Переулок,Irtyshskiy Lane,9,,
Искристый,Переулок,Iskristy Lane,9,,
Калмыцкий,Переулок,Kalmytskiy Lane,9,,
Камышовый,Переулок,Kamyshovy Lane,9,,
Каркасный,Переулок,Karkasny Lane,9,,
Катайский,Переулок,Katayskiy Lane,9,,
Кашинский,Переулок,Kashinskiy Lane,9,,
Кирпичный,Переулок,Kirpichny Lane,9,,
Китайский,Переулок,Kitayskiy Lane,9,,
Клеверный,Переулок,Kleverny Lane,9,,
Корейский,Переулок,Koreyskiy Lane,9,,
Крапивный,Переулок,Krapivny Lane,9,,
Криничный,Переулок,Krinichny Lane,9,,
Кузинский,Переулок,Kuzinskiy Lane,9,,
Кузнечный,Переулок,Kuznechny Lane,9,,
Луковский,Переулок,Lukovskiy Lane,9,,
Магнитный,Переулок,Magnitny Lane,9,,
Мезенский,Переулок,Mezenskiy Lane,9,,
Мозаичный,Переулок,Mozaichny Lane,9,,
Мугайский,Переулок,Mugayskiy Lane,9,,
Обманский,Переулок,Obmanskiy Lane,9,,
Отдельный,Переулок,Otdelny Lane,9,,
Певческий,Переулок,Pevcheskiy Lane,9,,
Пильщиков,Переулок,Pilshchikov Lane,9,,
Подрядный,Переулок,Podryadny Lane,9,,
Природный,Переулок,Prirodny Lane,9,,
Проточный,Переулок,Protochny Lane,9,,
Проходной,Переулок,Prokhodnoy Lane,9,,
Прутковый,Переулок,Prutkovy Lane,9,,
Пшеничный,Переулок,Pshenichny Lane,9,,
Режевской,Переулок,Rezhevskoy Lane,9,,
Рекордный,Переулок,Rekordny Lane,9,,
Ремонтный,Переулок,Remontny Lane,9,,
Ритслянда,Переулок,Ritslyanda Lane,9,,
Рудянский,Переулок,Rudyanskiy Lane,9,,
Рыбинский,Переулок,Rybinskiy Lane,9,,
Рязанский,Переулок,Ryazanskiy Lane,9,,
Садоводов,Переулок,Sadovodov Lane,9,,
Свердлова,Переулок,Sverdlova Lane,9,,
Северский,Переулок,Severskiy Lane,9,,
Сказочный,Переулок,Skazochny Lane,9,,
Смолистый,Переулок,Smolisty Lane,9,,
Снайперов,Переулок,Snayperov Lane,9,,
Соболиный,Переулок,Soboliny Lane,9,,
Советский,Переулок,Sovetskiy Lane,9,,
Соседский,Переулок,Sosedskiy Lane,9,,
Спокойный,Переулок,Spokoyny Lane,9,,
Столярный,Переулок,Stolyarny Lane,9,,
Сухумский,Переулок,Sukhumskiy Lane,9,,
Тальковый,Переулок,Talkovy Lane,9,,
Таманский,Переулок,Tamanskiy Lane,9,,
Татарский,Переулок,Tatarskiy Lane,9,,
Ударников,Переулок,Udarnikov Lane,9,,
Фонвизина,Переулок,Fonvizina Lane,9,,
Хлопковый,Переулок,Khlopkovy Lane,9,,
Хребтовый,Переулок,Khrebtovy Lane,9,,
Цветочный,Переулок,Tsvetochny Lane,9,,
Шаблонный,Переулок,Shablonny Lane,9,,
Шалинский,Переулок,Shalinskiy Lane,9,,
Шамарский,Переулок,Shamarskiy Lane,9,,
Шиловский,Переулок,Shilovskiy Lane,9,,
Эстрадный,Переулок,Estradny Lane,9,,
Ялтинский,Переулок,Yaltinskiy Lane,9,,
1905 года,Площадь,Square of 1905,9,,
Куйбышева,Площадь,Kuybysheva Square,9,,
Горнистов,Проезд,Gornistov Drive,9,,
Каскадный,Проезд,Kaskadny Drive,9,,
Никитский,Проезд,Nikitskiy Drive,9,,
Складской,Проезд,Skladskoy Drive,9,,
Калиновка,Станция,Kalinovka Station,9,,
Огородная,Станция,Ogorodnaya Station,9,,
Полевской,Тракт,Polevskoy Highway,9,,
Сибирский,Тракт,Sibirskiy Highway,9,,
Чусовской,Тракт,Chusovskoy Highway,9,,
Брикетный,Тупик,Briketny Court,9,,
Авиаторов,Улица,Aviatorov Street,9,,
Авторская,Улица,Avtorskaya Street,9,,
Алексеева,Улица,Alekseyeva Street,9,,
Алтайская,Улица,Altayskaya Street,9,,
Амундсена,Улица,Amundsena Street,9,,
Ангарская,Улица,Angarskaya Street,9,,
Ахматовой,Улица,Akhmatovoy Street,9,,
Бабушкина,Улица,Babushkina Street,9,,
Байдукова,Улица,Baydukova Street,9,,
Банникова,Улица,Bannikova Street,9,,
Барьерная,Улица,Baryernaya Street,9,,
Береговая,Улица,Beregovaya Street,9,,
Берёзовая,Улица,Beryozovaya Street,9,,
Бехтерева,Улица,Bekhtereva Street,9,,
Бирюзовая,Улица,Biryuzovaya Street,9,,
Бордюрная,Улица,Bordyurnaya Street,9,,
Будённого,Улица,Budyonnogo Street,9,,
Вавилова ,Улица,Vavilova Street,9,,
Варяжская,Улица,Varyazhskaya Street,9,,
Векторная,Улица,Vektornaya Street,9,,
Верстовая,Улица,Verstovaya Street,9,,
Вижайская,Улица,Vizhayskaya Street,9,,
Викулова ,Улица,Vikulova Street,9,,
Водоёмная,Улица,Vodoyomnaya Street,9,,
Воеводина,Улица,Voyevodina Street,9,,
Восстания,Улица,Vosstaniya Street,9,,
Восточная,Улица,Vostochnaya Street,9,,
Встречная,Улица,Vstrechnaya Street,9,,
Гагарская,Улица,Gagarskaya Street,9,,
Галактики,Улица,Galaktiki Street,9,,
Городская,Улица,Gorodskaya Street,9,,
Готвальда,Улица,Gottwalda Street,9,,
Гранитная,Улица,Granitnaya Street,9,,
Грузчиков,Улица,Gruzchikov Street,9,,
Двинская ,Улица,Dvinskaya Street,9,,
Денежская,Улица,Denezhskaya Street,9,,
Димитрова,Улица,Dimitrova Street,9,,
Дубравная,Улица,Dubravnaya Street,9,,
Дунайская,Улица,Dunayskaya Street,9,,
Ежевичная,Улица,Yezhevichnaya Street,9,,
Ельничная,Улица,Yelnichnaya Street,9,,
Заводская,Улица,Zavodskaya Street,9,,
Загорская,Улица,Zagorskaya Street,9,,
Индустрии,Улица,Industrii Street,9,,
Ирбитская,Улица,Irbitskaya Street,9,,
Иргинская,Улица,Irginskaya Street,9,,
Иркутская,Улица,Irkutskaya Street,9,,
Искателей,Улица,Iskateley Street,9,,
Искровцев,Улица,Iskrovtsev Street,9,,
Казанская,Улица,Kazanskaya Street,9,,
Карьерная,Улица,Karyernaya Street,9,,
Каширская,Улица,Kashirskaya Street,9,,
Кварцевая,Улица,Kvartsevaya Street,9,,
Кимовская,Улица,Kimovskaya Street ,9,,
Ключевая ,Улица,Klyuchevaya Street,9,,
Ковыльная,Улица,Kovylnaya Street,9,,
Колхозная,Улица,Kolkhoznaya Street,9,,
Кольцевая,Улица,Koltsevaya Street,9,,
Коперника,Улица,Kopernika Street,9,,
Короленко,Улица,Korolenko Street,9,,
Кружевная,Улица,Kruzhevnaya Street,9,,
Кубанская,Улица,Kubanskaya Street,9,,
Кузнецова,Улица,Kuznetsova Street,9,,
Кузнечная,Улица,Kuznechnaya Street,9,,
Куйбышева,Улица,Kuybysheva Street,9,,
Кунарская,Улица,Kunarskaya Street,9,,
Курортная,Улица,Kurortnaya Street,9,,
Латышская,Улица,Latyshskaya Street,9,,
Лесоводов,Улица,Lesovodov Street,9,,
Лесорубов,Улица,Lesorubov Street,9,,
Литовская,Улица,Litovskaya Street,9,,
Луганская,Улица,Luganskaya Street,9,,
Лялинская,Улица,Lyalinskaya Street,9,,
Ляпустина,Улица,Lyapustina Street,9,,
Малиновая,Улица,Malinovaya Street,9,,
Матросова,Улица,Matrosova Street,9,,
Межгорная,Улица,Mezhgornaya Street,9,,
Некрасова,Улица,Nekrasova Street,9,,
Нектарная,Улица,Nektarnaya Street,9,,
Новаторов,Улица,Novatorov Street,9,,
Новинская,Улица,Novinskaya Street,9,,
Новосёлов,Улица,Novosyolov Street,9,,
Новостроя,Улица,Novostroya Street,9,,
Оборонная,Улица,Oboronnaya Street,9,,
Обувщиков,Улица,Obuvshchikov Street,9,,
Окраинная,Улица,Okrainnaya Street,9,,
Орловская,Улица,Orlovskaya Street,9,,
Охотников,Улица,Okhotnikov Street,9,,
Очеретина,Улица,Ocheretina Street,9,,
Памирская,Улица,Pamirskaya Street,9,,
Панельная,Улица,Panelnaya Street,9,,
Патриотов,Улица,Patriotov Street,9,,
Пейзажная,Улица,Peyzazhnaya Street,9,,
Пеньковая,Улица,Penkovaya Street,9,,
Печерская,Улица,Pecherskaya Street,9,,
Планетная,Улица,Planetnaya Street,9,,
Плеханова,Улица,Plekhanova Street,9,,
Плотников,Улица,Plotnikov Street,9,,
Подгорная,Улица,Podgornaya Street,9,,
Подлесная,Улица,Podlesnaya Street,9,,
Полдневая,Улица,Poldnevaya Street,9,,
Полеводов,Улица,Polevodov Street,9,,
Ползунова,Улица,Polzunova Street,9,,
Посадская,Улица,Posadskaya Street,9,,
Предлесья,Улица,Predlesya Street,9,,
Прогонная,Улица,Progonnaya Street,9,,
Раевского,Улица,Rayevskogo Street,9,,
Разливная,Улица,Razlivnaya Street,9,,
Ракитовая,Улица,Rakitovaya Street,9,,
Расточная,Улица,Rastochnaya Street,9,,
Революции,Улица,Revolyutsii Street,9,,
Резервная,Улица,Rezervnaya Street,9,,
Ресурсная,Улица,Resursnaya Street,9,,
Решётская,Улица,Reshotskaya Street,9,,
Рощинская,Улица,Roshchinskaya Street,9,,
Рубиновая,Улица,Rubinovaya Street,9,,
Рыбоводов,Улица,Rybovodov Street,9,,
Рябиновая,Улица,Ryabinovaya Street,9,,
Сажинская,Улица,Sazhinskaya Street,9,,
Сварщиков,Улица,Svarshchikov Street,9,,
Свердлова,Улица,Sverdlova Street,9,,
Синарская,Улица,Sinarskaya Street,9,,
Сиреневая,Улица,Sirenevaya Street,9,,
Сланцевая,Улица,Slantsevaya Street,9,,
Смазчиков,Улица,Smazchikov Street,9,,
Советская,Улица,Sovetskaya Street,9,,
Совхозная,Улица,Sovkhoznaya Street,9,,
Созвездий,Улица,Sozvezdiy Street,9,,
Соколиная,Улица,Sokolinaya Street,9,,
Солнечная,Улица,Solnechnaya Street,9,,
Спутников,Улица,Sputnikov Street,9,,
Стартовая,Улица,Startovaya Street,9,,
Таганская,Улица,Taganskaya Street,9,,
Тальковая,Улица,Talkovaya Street,9,,
Танкистов,Улица,Tankistov Street,9,,
Тверитина,Улица,Tveritina Street,9,,
Тепличная,Улица,Teplichnaya Street,9,,
Толмачёва,Улица,Tolmachova Street,9,,
Топазовая,Улица,Topazovaya Street,9,,
Тополиная,Улица,Topolinaya Street,9,,
Трактовая,Улица,Traktovaya Street,9,,
Турбинная,Улица,Turbinnaya Street,9,,
Тургенева,Улица,Turgeneva Street,9,,
Тюменская,Улица,Tyumenskaya Street,9,,
Уктусская,Улица,Uktusskaya Street,9,,
Уральская,Улица,Uralskaya Street,9,,
Урожайная,Улица,Urozhaynaya Street,9,,
Усадебная,Улица,Usadebnaya Street,9,,
Усольская,Улица,Usolskaya Street,9,,
Уткинская,Улица,Utkinskaya Street,9,,
Ухтомская,Улица,Ukhtomskaya Street,9,,
Фабричная,Улица,Fabrichnaya Street,9,,
Феофанова,Улица,Feofanova Street,9,,
Фрезерная,Улица,Frezernaya Street,9,,
Фруктовая,Улица,Fruktovaya Street,9,,
Фурманова,Улица,Furmanova Street,9,,
Халтурина,Улица,Khalturina Street,9,,
Хохрякова,Улица,Khokhryakova Street,9,,
Хуторская,Улица,Khutorskaya Street,9,,
Цветаевой,Улица,Tsvetayevoy Street,9,,
Цветочная,Улица,Tsvetochnaya Street,9,,
Цвиллинга,Улица,Tsvillinga Street,9,,
Цыганская,Улица,Tsyganskaya Street,9,,
Чадовская,Улица,Chadovskaya Street,9,,
Червонная,Улица,Chervonnaya Street,9,,
Черничная,Улица,Chernichnaya Street,9,,
Читинская,Улица,Chitinskaya Street,9,,
Чукотская,Улица,Chukotskaya Street,9,,
Шатурская,Улица,Shaturskaya Street,9,,
Шейнкмана,Улица,Sheynkmana Street,9,,
Шитовская,Улица,Shitovskaya Street,9,,
Шишимская,Улица,Shishimskaya Street,9,,
Щербакова,Улица,Shcherbakova Street,9,,
Экспертов,Улица,Ekspertov Street,9,,
Эстонская,Улица,Estonskaya Street,9,,
Юбилейная,Улица,Yubileynaya Street,9,,
Яблоневая,Улица,Yablonevaya Street,9,,
Яхонтовая,Улица,Yakhontovaya Street,9,,
Тбилисский,Бульвар,Tbilisskiy Boulevard,10,,
Автогенный,Переулок,Avtogenny Lane,10,,
Автоматики,Переулок,Avtomatiki Lane,10,,
Аффинажный,Переулок,Affinazhny Lane,10,,
Багратиона,Переулок,Bagrationa Lane,10,,
Балакирева,Переулок,Balakireva Lane,10,,
Балтымский,Переулок,Baltymskiy Lane,10,,
Банковский,Переулок,Bankovskiy Lane,10,,
Башкирский,Переулок,Bashkirskiy Lane,10,,
Белорецкий,Переулок,Beloretskiy Lane,10,,
Болгарский,Переулок,Bolgarskiy Lane,10,,
Бригадиров,Переулок,Brigadirov Lane,10,,
Валдайский,Переулок,Valdayskiy Lane,10,,
Вербеновый,Переулок,Verbenovy Lane,10,,
Вересковый,Переулок,Vereskovy Lane,10,,
Вогульский,Переулок,Vogulskiy Lane,10,,
Волчанский,Переулок,Volchanskiy Lane,10,,
Воскресный,Переулок,Voskresny Lane,10,,
Грузинский,Переулок,Gruzinskiy Lane,10,,
Добрянский,Переулок,Dobryanskiy Lane,10,,
Драгунский,Переулок,Dragunskiy Lane,10,,
Жасминовый,Переулок,Zhasminovy Lane,10,,
Журавлиный,Переулок,Zhuravliny Lane,10,,
Загородный,Переулок,Zagorodny Lane,10,,
Заозёрский,Переулок,Zaozyorskiy Lane,10,,
Земледелия,Переулок,Zemledeliya Lane,10,,
Извилистый,Переулок,Izvilisty Lane,10,,
Изразцовый,Переулок,Izraztsovy Lane,10,,
Изумрудный,Переулок,Izumrudny Lane,10,,
Иткульский,Переулок,Itkulskiy Lane,10,,
Каслинский,Переулок,Kaslinskiy Lane,10,,
Киргизский,Переулок,Kirgizskiy Lane,10,,
Койвинский,Переулок,Koyvinskiy Lane,10,,
Колодезный,Переулок,Kolodezny Lane,10,,
Колосковый,Переулок,Koloskovy Lane,10,,
Коралловый,Переулок,Korallovy Lane,10,,
Крокусовый,Переулок,Krokusovy Lane ,10,,
Крылатский,Переулок,Krylatskiy Lane,10,,
Курьинский,Переулок,Kuryinskiy Lane,10,,
Кыштымский,Переулок,Kyshtymskiy Lane,10,,
Левшинский,Переулок,Levshinskiy Lane,10,,
Медвежский,Переулок,Medvezhskiy Lane,10,,
Молодецкий,Переулок,Molodetskiy Lane,10,,
Набережный,Переулок,Naberezhny Lane,10,,
Невьянский,Переулок,Nevyanskiy Lane,10,,
Нейвинский,Переулок,Neyvinskiy Lane,10,,
Никольский,Переулок,Nikolskiy Lane,10,,
Оливиновый,Переулок,Olivinovy Lane,10,,
Палкинский,Переулок,Palkinskiy Lane,10,,
Переходный,Переулок,Perekhodny Lane,10,,
Пешеходный,Переулок,Peshekhodny Lane,10,,
Пионерский,Переулок,Pionerskiy Lane,10,,
Поворотный,Переулок,Povorotny Lane,10,,
Подснежный,Переулок,Podsnezhny Lane,10,,
Полимерный,Переулок,Polimerny Lane,10,,
Половодный,Переулок,Polovodny Lane,10,,
Полярников,Переулок,Polyarnikov Lane,10,,
Поселковый,Переулок,Poselkovy Lane,10,,
Прибрежный,Переулок,Pribrezhny Lane,10,,
Разъездной,Переулок,Razyezdnoy Lane,10,,
Родниковый,Переулок,Rodnikovy Lane,10,,
Ромашковый,Переулок,Romashkovy Lane,10,,
Самолётный,Переулок,Samolyotny Lane,10,,
Сергинский,Переулок,Serginskiy Lane,10,,
Симбирский,Переулок,Simbirskiy Lane,10,,
Скворцовый,Переулок,Skvortsovy Lane,10,,
Скоростной,Переулок,Skorostnoy Lane,10,,
Слободской,Переулок,Slobodskoy Lane,10,,
Соловьиный,Переулок,Solovyiny Lane,10,,
Старателей,Переулок,Starateley Lane,10,,
Сызранский,Переулок,Syzranskiy Lane,10,,
Сысертский,Переулок,Sysertskiy Lane,10,,
Таллинский,Переулок,Tallinskiy Lane,10,,
Творческий,Переулок,Tvorcheskiy Lane,10,,
Телефонный,Переулок,Telefonny Lane,10,,
Тихвинский,Переулок,Tikhvinskiy Lane,10,,
Трамвайный,Переулок,Tramvayny Lane,10,,
Транзитный,Переулок,Tranzitny Lane,10,,
Херсонский,Переулок,Khersonskiy Lane,10,,
Хлоритовый,Переулок,Khloritovy Lane,10,,
Цветоводов,Переулок,Tsvetovodov Lane,10,,
Цитриновый,Переулок,Tsitrinovy Lane,10,,
Шадринский,Переулок,Shadrinskiy Lane,10,,
Шайтанский,Переулок,Shaytanskiy Lane,10,,
Жуковского,Площадь,Zhukovskogo Square,10,,
Коммунаров,Площадь,Kommunarov Square,10,,
Соловьёва ,Площадь,Solovyova Square,10,,
Бокситовый,Проезд,Boksitovy Drive,10,,
Конюшенный,Проезд,Konyushenny Drive,10,,
Кунгурский,Проезд,Kungurskiy Drive,10,,
Аппаратная,Станция,Apparatnaya Station,10,,
Приисковая,Станция,Priiskovaya Station,10,,
Московский,Тракт,Moskovskiy Highway,10,,
50-й Пикет,Улица,50 Piket Street,10,,
Альпийская,Улица,Alpiyskaya Street,10,,
Аппаратная,Улица,Apparatnaya Street,10,,
Апрельская,Улица,Aprelskaya Street,10,,
Артинская ,Улица,Artinskaya Street,10,,
Археологов,Улица,Arkheologov Street,10,,
Байновская,Улица,Baynovskaya Street,10,,
Балтымская,Улица,Baltymskaya Street,10,,
Бархотская,Улица,Barkhotskaya Street,10,,
Бастионная,Улица,Bastionnaya Street,10,,
Белинского,Улица,Belinskogo Street,10,,
Белоярская,Улица,Beloyarskaya Street,10,,
Берегового,Улица,Beregovogo Street,10,,
Берилловая,Улица,Berillovaya Street,10,,
Бетонщиков,Улица,Betonshchikov Street,10,,
Бисертская,Улица,Bisertskaya Street,10,,
Благостная,Улица,Blagostnaya Street,10,,
Бобруйская,Улица,Bobruyskaya Street,10,,
Большакова,Улица,Bolshakova Street,10,,
Боткинская,Улица,Botkinskaya Street,10,,
Боцманская,Улица,Botsmanskaya Street,10,,
Брусничная,Улица,Brusnichnaya Street,10,,
Варшавская,Улица,Varshavskaya Street,10,,
Верещагина,Улица,Vereshchagina Street,10,,
Вокзальная,Улица,Vokzalnaya Street,10,,
Волховская,Улица,Volkhovskaya Street,10,,
Воровского,Улица,Vorovskogo Street,10,,
Восходящая,Улица,Voskhodyashchaya Street,10,,
Гвардейцев,Улица,Gvardeytsev Street,10,,
Глуховская,Улица,Glukhovskaya Street,10,,
Голубичная,Улица,Golubichnaya Street,10,,
Гранитовая,Улица,Granitovaya Street,10,,
Грибоедова,Улица,Griboyedova Street,10,,
Гурзуфская,Улица,Gurzufskaya Street,10,,
Дарьинская,Улица,Daryinskaya Street,10,,
Донбасская,Улица,Donbasskaya Street,10,,
Дошкольная,Улица,Doshkolnaya Street,10,,
Дымковская,Улица,Dymkovskaya Street,10,,
Енисейская,Улица,Yeniseyskaya Street,10,,
Ереванская,Улица,Yerevanskaya Street,10,,
Живописная,Улица,Zhivopisnaya Street,10,,
Забойщиков,Улица,Zaboyshchikov Street,10,,
Заповедная,Улица,Zapovednaya Street,10,,
Запрудная ,Улица,Zaprudnaya Street,10,,
Зенитчиков,Улица,Zenitchikov Street,10,,
Зеркальная,Улица,Zerkalnaya Street,10,,
Изоплитная,Улица,Izoplitnaya Street,10,,
Инженерная,Улица,Inzhenernaya Street,10,,
Каменщиков,Улица,Kamenshchikov Street,10,,
Камчатская,Улица,Kamchatskaya Street,10,,
Караванная,Улица,Karavannaya Street,10,,
Карельская,Улица,Karelskaya Street,10,,
Каштановая,Улица,Kashtanovaya Street,10,,
Климовская,Улица,Klimovskaya Street,10,,
Клубничная,Улица,Klubnichnaya Street,10,,
Клюквенная,Улица,Klyukvennaya Street,10,,
Ключевская,Улица,Klyuchevskaya Street,10,,
Козловская,Улица,Kozlovskaya Street,10,,
Колоритная,Улица,Koloritnaya Street,10,,
Коминтерна,Улица,Kominterna Street,10,,
Коркинская,Улица,Korkinskaya Street,10,,
Косогорная,Улица,Kosogornaya Street,10,,
Котовского,Улица,Kotovskogo Street,10,,
Коуровская,Улица,Kourovskaya Street,10,,
Курганская,Улица,Kurganskaya Street,10,,
Кытлымская,Улица,Kytlymskaya Street,10,,
Лавандовая,Улица,Lavandovaya Street,10,,
Ландышевая,Улица,Landyshevaya Street,10,,
Латвийская,Улица,Latviyskaya Street,10,,
Ледниковая,Улица,Lednikovaya Street,10,,
Лезгинская,Улица,Lezginskaya Street,10,,
Лермонтова,Улица,Lermontova Street,10,,
Лиственная,Улица,Listvennaya Street,10,,
Литейщиков,Улица,Liteyshchikov Street,10,,
Лобвинская,Улица,Lobvinskaya Street,10,,
Ломоносова,Улица,Lomonosova Street,10,,
Лоцмановых,Улица,Lotsmanovykh Street,10,,
Лучезарная,Улица,Luchezarnaya Street,10,,
Майкопская,Улица,Maykopskaya Street,10,,
Маневровая,Улица,Manevrovaya Street,10,,
Манчажская,Улица,Manchazhskaya Street,10,,
Мартовская,Улица,Martovskaya Street,10,,
Маршрутная,Улица,Marshrutnaya Street,10,,
Матросская,Улица,Matrosskaya Street,10,,
Машинистов,Улица,Mashinistov Street,10,,
Мельникова,Улица,Melnikova Street,10,,
Мельничная,Улица,Melnichnaya Street,10,,
Менделеева,Улица,Mendeleyeva Street,10,,
Мечтателей,Улица,Mechtateley Street,10,,
Можайского,Улица,Mozhayskogo Street,10,,
Молодёжная,Улица,Molodyozhnaya Street,10,,
Монтёрская,Улица,Montyorskaya Street,10,,
Московская,Улица,Moskovskaya Street,10,,
Мраморская,Улица,Mramorskaya Street,10,,
Мурзинская,Улица,Murzinskaya Street,10,,
Набережная,Улица,Naberezhnaya Street,10,,
Нефритовая,Улица,Nefritovaya Street,10,,
Норильская,Улица,Norilskaya Street,10,,
Обуховская,Улица,Obukhovskaya Street,10,,
Ольгинская,Улица,Olginskaya Street,10,,
Ольховская,Улица,Olkhovskaya Street,10,,
Павловская,Улица,Pavlovskaya Street,10,,
Палисадная,Улица,Palisadnaya Street,10,,
Панорамная,Улица,Panoramnaya Street,10,,
Парниковая,Улица,Parnikovaya Street,10,,
Пархоменко,Улица,Parkhomenko Street,10,,
Пензенская,Улица,Penzenskaya Street,10,,
Перекатная,Улица,Perekatnaya Street,10,,
Персиковая,Улица,Persikovaya Street,10,,
Пехотинцев,Улица,Pekhotintsev Street,10,,
Печатников,Улица,Pechatnikov Street,10,,
Пионерская,Улица,Pionerskaya Street,10,,
Платиновая,Улица,Platinovaya Street,10,,
Плодородия,Улица,Plodorodiya Street,10,,
Покровская,Улица,Pokrovskaya Street,10,,
Полежаевой,Улица,Polezhayevoy Street,10,,
Полтавская,Улица,Poltavskaya Street,10,,
Предельная,Улица,Predelnaya Street,10,,
Привольная,Улица,Privolnaya Street,10,,
Приисковая,Улица,Priiskovaya Street,10,,
Просторная,Улица,Prostornaya Street,10,,
Проталинка,Улица,Protalinka Street,10,,
Прохладная,Улица,Prokhladnaya Street,10,,
Пышминская,Улица,Pyshminskaya Street,10,,
Раздольная,Улица,Razdolnaya Street,10,,
Рассветная,Улица,Rassvetnaya Street,10,,
Реактивная,Улица,Reaktivnaya Street,10,,
Редколесья,Улица,Redkolesya Street,10,,
Романтиков,Улица,Romantikov Street,10,,
Российская,Улица,Rossiyskaya Street,10,,
Рушниковая,Улица,Rushnikovaya Street,10,,
Сагринская,Улица,Sagrinskaya Street,10,,
Салдинская,Улица,Saldinskaya Street,10,,
Самолётная,Улица,Samolyotnaya Street,10,,
Самородная,Улица,Samorodnaya Street,10,,
Санаторная,Улица,Sanatornaya Street,10,,
Сапфировая,Улица,Sapfirovaya Street,10,,
Славянская,Улица,Slavyanskaya Street,10,,
Смоленская,Улица,Smolenskaya Street,10,,
Снежинская,Улица,Snezhinskaya Street,10,,
Создателей,Улица,Sozdateley Street,10,,
Солдатская,Улица,Soldatskaya Street,10,,
Соломенная,Улица,Solomennaya Street,10,,
Спортивная,Улица,Sportivnaya Street,10,,
Стальского,Улица,Stalskogo Street,10,,
Старожилов,Улица,Starozhilov Street,10,,
Строителей,Улица,Stroiteley Street,10,,
Сухорукова,Улица,Sukhorukova Street,10,,
Сылвинская,Улица,Sylvinskaya Street,10,,
Тагильская,Улица,Tagilskaya Street,10,,
Тимирязева,Улица,Timiryazeva Street,10,,
Тихорецкая,Улица,Tikhoretskaya Street,10,,
Тобольская,Улица,Tobolskaya Street,10,,
Торфорезов,Улица,Torforezov Street,10,,
Трубачёва ,Улица,Trubachova Street,10,,
Тружеников,Улица,Truzhenikov Street,10,,
Уфалейская,Улица,Ufaleyskaya Street,10,,
Ферганская,Улица,Ferganskaya Street,10,,
Фермерская,Улица,Fermerskaya Street,10,,
Фианитовая,Улица,Fianitovaya Street,10,,
Хользунова,Улица,Kholzunova Street,10,,
Чароитовая,Улица,Charoitovaya Street,10,,
Чердынская,Улица,Cherdynskaya Street,10,,
Черепанова,Улица,Cherepanova Street,10,,
Черкасская,Улица,Cherkasskaya Street,10,,
Шарташская,Улица,Shartashskaya Street,10,,
Школьников,Улица,Shkolnikov Street,10,,
Щелкунская,Улица,Shchelkunskaya Street,10,,
Электриков,Улица,Elektrikov Street,10,,
Ялунинская,Улица,Yaluninskaya Street,10,,
Самоцветный,Бульвар,Samotsvetny Boulevard,11,,
Известковый,Кордон,Izvestkovy Post,11,,
Олимпийская,Набережная,Olimpiyskaya Riverfront,11,,
Арамильский,Переулок,Aramilskiy Lane,11,,
Ашхабадский,Переулок,Ashkhabadskiy Lane,11,,
Багарякский,Переулок,Bagaryakskiy Lane,11,,
Баженовский,Переулок,Bazhenovskiy Lane,11,,
Балакинский,Переулок,Balakinskiy Lane,11,,
Вербовочный,Переулок,Verbovochny Lane,11,,
Виноградный,Переулок,Vinogradny Lane,11,,
Воронежский,Переулок,Voronezhskiy Lane,11,,
Георгиновый,Переулок,Georginovy Lane,11,,
Днепровский,Переулок,Dneprovskiy Lane,11,,
Дружинников,Переулок,Druzhinnikov Lane,11,,
Запорожский,Переулок,Zaporozhskiy Lane,11,,
Земляничный,Переулок,Zemlyanichny Lane,11,,
Калиновский,Переулок,Kalinovskiy Lane,11,,
Камышинский,Переулок,Kamyshinskiy Lane,11,,
Кипарисовый,Переулок,Kiparisovy Lane,11,,
Коломенский,Переулок,Kolomenskiy Lane,11,,
Косьвинский,Переулок,Kosvinskiy Lane,11,,
Котельщиков,Переулок,Kotelshchikov Lane,11,,
Крановщиков,Переулок,Kranovshchikov Lane,11,,
Лимонитовый,Переулок,Limonitovy Lane,11,,
Малахитовый,Переулок,Malakhitovy Lane,11,,
Медицинский,Переулок,Meditsinskiy Lane,11,,
Мелководный,Переулок,Melkovodny Lane,11,,
Мельковский,Переулок,Melkovskiy Lane,11,,
Мордвинский,Переулок,Mordvinskiy Lane,11,,
Муратовский,Переулок,Muratovskiy Lane,11,,
Облепиховый,Переулок,Oblepikhovy Lane,11,,
Оркестровый,Переулок,Orkestrovy Lane,11,,
Осоавиахима,Переулок,Osoaviakhima Lane,11,,
Отпускников,Переулок,Otpusknikov Lane,11,,
Приветливый,Переулок,Privetlivy Lane,11,,
Пугачёвский,Переулок,Pugachovskiy Lane,11,,
Ремесленный,Переулок,Remeslenny Lane,11,,
Саранинский,Переулок,Saraninskiy Lane,11,,
Сенокосный ,Переулок,Senokosny Lane,11,,
Скоморошный,Переулок,Skomoroshny Lane,11,,
Суворовский,Переулок,Suvorovskiy Lane,11,,
Сухановский,Переулок,Sukhanovskiy Lane,11,,
Театральный,Переулок,Teatralny Lane,11,,
Тугулымский,Переулок,Tugulymskiy Lane,11,,
Ученический,Переулок,Uchenicheskiy Lane,11,,
Центральный,Переулок,Tsentralny Lane,11,,
Челябинский,Переулок,Chelyabinskiy Lane,11,,
Чистый ключ,Переулок,Chisty Klyuch Lane,11,,
Шумихинский,Переулок,Shumikhinskiy Lane,11,,
Энергетиков,Переулок,Energetikov Lane,11,,
Бахчиванджи,Площадь,Bakhchivandzhi Square,11,,
Октябрьская,Площадь,Oktyabrskaya Square,11,,
Субботников,Площадь,Subbotnikov Square,11,,
Решетникова,Проезд,Reshetnikova Drive,11,,
Теплоходный,Проезд,Teplokhodny Drive,11,,
Космонавтов,Проспект,Kosmonavtov Avenue,11,,
Челябинский,Тракт,Chelyabinskiy Highway,11,,
Абрикосовая,Улица,Abrikosovaya Street,11,,
Авангардная,Улица,Avangardnaya Street,11,,
Авиационная,Улица,Aviatsionnaya Street,11,,
Акварельная,Улица,Akvarelnaya Street,11,,
Альпинистов,Улица,Alpinistov Street,11,,
Аметистовая,Улица,Ametistovaya Street,11,,
Аппатитовая,Улица,Appatitovaya Street,11,,
Аптекарская,Улица,Aptekarskaya Street,11,,
Армавирская,Улица,Armavirskaya Street,11,,
Атмосферная,Улица,Atmosfernaya Street,11,,
Базальтовая,Улица,Bazaltovaya Street,11,,
Байкальская,Улица,Baikalskaya Street,11,,
Баррикадная,Улица,Barrikadnaya Street,11,,
Бахчиванджи,Улица,Bakhchivandzhi Street,11,,
Белогорская,Улица,Belogorskaya Street,11,,
Белоцветная,Улица,Belotsvetnaya Street,11,,
Березитовая,Улица,Berezitovaya Street,11,,
Берёзовская,Улица,Beryozovskaya Street,11,,
Богатырская,Улица,Bogatyrskaya Street,11,,
Бурильщиков,Улица,Burilshchikov Street,11,,
Вали Котика,Улица,Vali Kotika Street,11,,
Васильковая,Улица,Vasilkovaya Street,11,,
Великорусов,Улица,Velikorusov Street,11,,
Верхоянская,Улица,Verkhoyanskaya Street,11,,
Водопьянова,Улица,Vodopyanova Street,11,,
Вологодская,Улица,Vologodskaya Street,11,,
Выставочная,Улица,Vystavochnaya Street,11,,
Гологорская,Улица,Gologorskaya Street,11,,
Гореловская,Улица,Gorelovskaya Street,11,,
Гражданская,Улица,Grazhdanskaya Street,11,,
Губахинская,Улица,Gubakhinskaya Street,11,,
Даниловская,Улица,Danilovskaya Street,11,,
Декабристов,Улица,Dekabristov Street,11,,
Депутатская,Улица,Deputatskaya Street,11,,
Дивизионная,Улица,Divizionnaya Street,11,,
Добролюбова,Улица,Dobrolyubova Street,11,,
Доломитовая,Улица,Dolomitovaya Street,11,,
Европейская,Улица,Yevropeyskaya Street,11,,
Жилплощадка,Улица,Zhilploshchadka Street,11,,
Избирателей,Улица,Izbirateley Street,11,,
Изыскателей,Улица,Izyskateley Street,11,,
Испытателей,Улица,Ispytateley Street,11,,
Каменотёсов,Улица,Kamenotyosov Street,11,,
Кизеловская,Улица,Kizelovskaya Street,11,,
Кислородная,Улица,Kislorodnaya Street,11,,
Кичигинская,Улица,Kichiginskaya Street,11,,
Кишинёвская,Улица,Kishinyovskaya Street,11,,
Колмогорова,Улица,Kolmogorova Street,11,,
Колокольная,Улица,Kolokolnaya Street,11,,
Колхозников,Улица,Kolkhoznikov Street,11,,
Кондратьева,Улица,Kondratyeva Street,11,,
Конотопская,Улица,Konotopskaya Street,11,,
Контролёров,Улица,Kontrolyorov Street,11,,
Космонавтов,Улица,Kosmonavtov Street,11,,
Костромская,Улица,Kostromskaya Street,11,,
Краснолесья,Улица,Krasnolesya Street,11,,
Кристальная,Улица,Kristalnaya Street,11,,
Крутоярская,Улица,Krutoyarskaya Street,11,,
Лазаревская,Улица,Lazarevskaya Street,11,,
Листопадная,Улица,Listopadnaya Street,11,,
Логиновская,Улица,Loginovskaya Street,11,,
Малопрудная,Улица,Maloprudnaya Street,11,,
Маскарадная,Улица,Maskaradnaya Street,11,,
Маяковского,Улица,Mayakovskogo Street,11,,
Мельковская,Улица,Melkovskaya Street,11,,
Менжинского,Улица,Menzhinskogo Street,11,,
Металлургов,Улица,Metallurgov Street,11,,
Милицейская,Улица,Militseyskaya Street,11,,
Минеральная,Улица,Mineralnaya Street,11,,
Миславского,Улица,Mislavskogo Street,11,,
Монтажников,Улица,Montazhnikov Street,11,,
Музыкальная,Улица,Muzykalnaya Street,11,,
Мусоргского,Улица,Musorgskogo Street,11,,
Новоозёрная,Улица,Novoozyornaya Street,11,,
Оброшинская,Улица,Obroshinskaya Street,11,,
Октябрьская,Улица,Oktyabrskaya Street,11,,
Орбитальная,Улица,Orbitalnaya Street,11,,
Основинская,Улица,Osnovinskaya Street,11,,
Отто Шмидта,Улица,Otto Shmidta Street,11,,
Панфиловцев,Улица,Panfilovtsev Street,11,,
Пасхальная ,Улица,Paskhalnaya Street,11,,
Перевальная,Улица,Perevalnaya Street,11,,
Планеристов,Улица,Planeristov Street,11,,
Порошинская,Улица,Poroshinskaya Street,11,,
Праздничная,Улица,Prazdnichnaya Street,11,,
Пригородная,Улица,Prigorodnaya Street,11,,
Придорожная,Улица,Pridorozhnaya Street,11,,
Промысловая,Улица,Promyslovaya Street,11,,
Профсоюзная,Улица,Profsoyuznaya Street,11,,
Родонитовая,Улица,Rodonitovaya Street,11,,
Рудознатцев,Улица,Rudoznattsev Street,11,,
Рутминского,Улица,Rutminskogo Street,11,,
Саввы Белых,Улица,Savvy Belykh Street,11,,
Сахалинская,Улица,Sakhalinskaya Street,11,,
Селенитовая,Улица,Selenitovaya Street,11,,
Серебристая,Улица,Serebristaya Street,11,,
Содружества,Улица,Sodruzhestva Street,11,,
Соликамская,Улица,Solikamskaya Street,11,,
Сорочинская,Улица,Sorochinskaya Street,11,,
Сосьвинская,Улица,Sosvinskaya Street,11,,
Станочников,Улица,Stanochnikov Street,11,,
Станционная,Улица,Stantsionnaya Street,11,,
Сухоложская,Улица,Sukholozhskaya Street,11,,
Таборинская,Улица,Taborinskaya Street,11,,
Таватуйская,Улица,Tavatuyskaya Street,11,,
Таволожская,Улица,Tavolozhskaya Street,11,,
Ташкентская,Улица,Tashkentskaya Street,11,,
Техническая,Улица,Tekhnicheskaya Street,11,,
Ульяновская,Улица,Ulyanovskaya Street,11,,
Филатовская,Улица,Filatovskaya Street,11,,
Харьковская,Улица,Kharkovskaya Street,11,,
Хасановская,Улица,Khasanovskaya Street,11,,
Хромцовская,Улица,Khromtsovskaya Street,11,,
Хрустальная,Улица,Khrustalnaya Street,11,,
Цветоносная,Улица,Tsvetonosnaya Street,11,,
Центральная,Улица,Tsentralnaya Street,11,,
Чайковского,Улица,Tchaikovskogo Street,11,,
Челюскинцев,Улица,Chelyuskintsev Street,11,,
Черёмуховая,Улица,Cheryomukhovaya Street,11,,
Чернозёмная,Улица,Chernozyomnaya Street,11,,
Черноярская,Улица,Chernoyarskaya Street,11,,
Шестерикова,Улица,Shesterikova Street,11,,
Шувакишская,Улица,Shuvakishskaya Street,11,,
Электродепо,Улица,Elektrodepo Street,11,,
Энтузиастов,Улица,Entuziastov Street,11,,
Эскадронная,Улица,Eskadronnaya Street,11,,
Южногорская,Улица,Yuzhnogorskaya Street,11,,
Ярославская,Улица,Yaroslavskaya Street,11,,
Сарапульский,Кордон,Sarapulskiy Post,12,,
Кордон «Мыс»,Микрорайон,Kordon Mys Microdistrict,12,,
Асбестовский,Переулок,Asbestovskiy Lane,12,,
Барбарисовый,Переулок,Barbarisovy Lane,12,,
Газорезчиков,Переулок,Gazorezchikov Lane,12,,
Глубочинский,Переулок,Glubochinskiy Lane,12,,
Диагональный,Переулок,Diagonalny Lane,12,,
Дубровинский,Переулок,Dubrovinskiy Lane,12,,
Железняковый,Переулок,Zheleznyakovy Lane,12,,
Коллективный,Переулок,Kollektivny Lane,12,,
Кособродский,Переулок,Kosobrodskiy Lane,12,,
Крутихинский,Переулок,Krutikhinskiy Lane,12,,
Леонидовский,Переулок,Leonidovskiy Lane,12,,
Лобачевского,Переулок,Lobachevskogo Lane,12,,
Малый Лесной,Переулок,Malyi Lesnoy Lane,12,,
Механический,Переулок,Mekhanicheskiy Lane,12,,
Мотаихинский,Переулок,Motaikhinskiy Lane,12,,
Первомайский,Переулок,Pervomayskiy Lane,12,,
Пестеревский,Переулок,Pesterevskiy Lane,12,,
Рудногорский,Переулок,Rudnogorskiy Lane,12,,
Сентябрьский,Переулок,Sentyabrskiy Lane,12,,
Серпуховский,Переулок,Serpukhovskiy Lane,12,,
Теплогорский,Переулок,Teplogorskiy Lane,12,,
Трактористов,Переулок,Traktoristov Lane,12,,
Черниговский,Переулок,Chernigovskiy Lane,12,,
Черноморский,Переулок,Chernomorskiy Lane,12,,
Дзержинского,Площадь,Dzerzhinskogo Square,12,,
Малый Конный,Полуостров,Malyi Konniy Poluostrov,12,,
Водительский,Проезд,Voditelskiy Drive,12,,
Промышленный,Проезд,Promyshlenny Drive,12,,
Орджоникидзе,Проспект,Ordzhonikidze Avenue,12,,
Балаклавский,Тупик,Balaklavskiy Court,12,,
Автоматчиков,Улица,Avtomatchikov Street,12,,
Айвазовского,Улица,Aivazovskogo Street,12,,
Амбулаторная,Улица,Ambulatornaya Street,12,,
Анри Барбюса,Улица,Henri Barbussa Street,12,,
Апельсиновая,Улица,Apelsinovaya Street,12,,
Архитекторов,Улица,Arkhitektorov Street,12,,
Астраханская,Улица,Astrakhanskaya Street,12,,
Баранчинская,Улица,Baranchinskaya Street,12,,
Бессарабская,Улица,Bessarabskaya Street,12,,
Библиотечная,Улица,Bibliotechnaya Street,12,,
Благодатская,Улица,Blagodatskaya Street,12,,
Ботаническая,Улица,Botanicheskaya Street,12,,
Вершининская,Улица,Vershininskaya Street,12,,
Ветеринарная,Улица,Veterinarnaya Street,12,,
Водонасосная,Улица,Vodonasosnaya Street,12,,
Володарского,Улица,Volodarskogo Street,12,,
Генеральская,Улица,Generalskaya Street,12,,
Георгиевская,Улица,Georgiyevskaya Street,12,,
Горнорабочих,Улица,Gornorabochikh Street,12,,
Горнощитская,Улица,Gornoshchitskaya Street,12,,
Гризодубовой,Улица,Grizodubovoy Street,12,,
Дагестанская,Улица,Dagestanskaya Street,12,,
Далматовская,Улица,Dalmatovskaya Street,12,,
Дзержинского,Улица,Dzerzhinskogo Street,12,,
Достоевского,Улица,Dostoyevskogo Street,12,,
Дружининская,Улица,Druzhininskaya Street,12,,
Животноводов,Улица,Zhivotnovodov Street,12,,
Завокзальная,Улица,Zavokzalnaya Street,12,,
Застройщиков,Улица,Zastroyshchikov Street,12,,
Зелёная роща,Улица,Zelyonaya Roshcha Street,12,,
Златогорская,Улица,Zlatogorskaya Street,12,,
Змеиная гора,Улица,Zmeinaya Gora Street,12,,
Историческая,Улица,Istoricheskaya Street,12,,
Карасьевская,Улица,Karasyevskaya Street,12,,
Карла Маркса,Улица,Karla Marxa Street,12,,
Карнавальная,Улица,Karnavalnaya Street,12,,
Качканарская,Улица,Kachkanarskaya Street,12,,
Клары Цеткин,Улица,Clary Zetkin Street,12,,
Клевакинская,Улица,Klevakinskaya Street,12,,
Колчеданская,Улица,Kolchedanskaya Street,12,,
Комбинатская,Улица,Kombinatskaya Street,12,,
Комвузовская,Улица,Komvuzovskaya Street,12,,
Коммунальная,Улица,Kommunalnaya Street,12,,
Косотурская ,Улица,Kosoturskaya Street,12,,
Котельникова,Улица,Kotelnikova Street,12,,
Красных зорь,Улица,Krasnykh Zor Street,12,,
Крестинского,Улица,Krestinskogo Street,12,,
Крестьянская,Улица,Krestyanskaya Street,12,,
Кружилинская,Улица,Kruzhilinskaya Street,12,,
Куликовская ,Улица,Kulikovskaya Street,12,,
Леваневского,Улица,Levanevskogo Street,12,,
Луначарского,Улица,Lunacharskogo Street,12,,
Марамзинская,Улица,Maramzinskaya Street,12,,
Медногорская,Улица,Mednogorskaya Street,12,,
Мелиораторов,Улица,Melioratorov Street,12,,
Миномётчиков,Улица,Minomyotchikov Street,12,,
Михайловская,Улица,Mikhaylovskaya Street,12,,
Можжевеловая,Улица,Mozhzhevelovaya Street,12,,
Молотобойцев,Улица,Molotoboytsev Street,12,,
Мусы Джалиля,Улица,Musy Dzhalilya Street,12,,
Надеждинская,Улица,Nadezhdinskaya Street,12,,
Николы Тесла,Улица,Nikoly Tesla Street,12,,
Новоспасская,Улица,Novospasskaya Street,12,,
Опалихинская,Улица,Opalikhinskaya Street,12,,
Орденоносцев,Улица,Ordenonostsev Street,12,,
Орджоникидзе,Улица,Ordzhonikidze Street,12,,
Павла Зыкова,Улица,Pavla Zykova Street,12,,
Павлодарская,Улица,Pavlodarskaya Street,12,,
Паровозников,Улица,Parovoznikov Street,12,,
Партизанская,Улица,Partizanskaya Street,12,,
Первомайская,Улица,Pervomayskaya Street,12,,
Первоцветная,Улица,Pervotsvetnaya Street,12,,
Плавильщиков,Улица,Plavilshchikov Street,12,,
Пролетарская,Улица,Proletarskaya Street,12,,
Региональная,Улица,Regionalnaya Street,12,,
Свердловская,Улица,Sverdlovskaya Street,12,,
Святогорская,Улица,Svyatogorskaya Street,12,,
Смородиновая,Улица,Smorodinovaya Street,12,,
Специалистов,Улица,Spetsialistov Street,12,,
Стахановская,Улица,Stakhanovskaya Street,12,,
Стрелочников,Улица,Strelochnikov Street,12,,
Студенческая,Улица,Studencheskaya Street,12,,
Суходольская,Улица,Sukhodolskaya Street,12,,
Сыромолотова,Улица,Syromolotova Street,12,,
Тихая заводь,Улица,Tikhaya Zavod Street,12,,
Трактористов,Улица,Traktoristov Street,12,,
Тростниковая,Улица,Trostnikovaya Street,12,,
Турмалиновая,Улица,Turmalinovaya Street,12,,
Фестивальная,Улица,Festivalnaya Street,12,,
Халцедоновая,Улица,Khaltsedonovaya Street,12,,
Химмашевская,Улица,Khimmashevskaya Street,12,,
Циолковского,Улица,Tsiolkovskogo Street,12,,
Черемшанская,Улица,Cheremshanskaya Street,12,,
Чистопрудная,Улица,Chistoprudnaya Street,12,,
Верх-Исетский,Бульвар,Verkh-Isetskiy Boulevard,13,,
ЭКСПО-бульвар,Бульвар,EXPO Boulevard,13,,
1-й Подъёмный,Переулок,1st Podyomny Lane,13,,
1-й Системный,Переулок,1st Sistemny Lane,13,,
1-й Чусовской,Переулок,1st Chusovskoy Lane,13,,
2-й Подъёмный,Переулок,2nd Podyomny Lane,13,,
2-й Системный,Переулок,2nd Sistemny Lane,13,,
2-й Чусовской,Переулок,2nd Chusovskoy Lane,13,,
Автомобильный,Переулок,Avtomobilny Lane,13,,
Алма-Атинский,Переулок,Alma-Atinskiy Lane,13,,
Бельниковский,Переулок,Belnikovskiy Lane,13,,
Головыринский,Переулок,Golovyrinskiy Lane,13,,
Измоденовский,Переулок,Izmodenovskiy Lane,13,,
Колодяжинский,Переулок,Kolodyazhinskiy Lane,13,,
Колюткинский ,Переулок,Kolyutkinskiy Lane,13,,
Новопашинский,Переулок,Novopashinskiy Lane,13,,
Толстихинский,Переулок,Tolstikhinskiy Lane,13,,
Хибиногорский,Переулок,Khibinogorskiy Lane,13,,
Черноусовский,Переулок,Chernousovskiy Lane,13,,
1-й Пятилетки,Площадь,1 Pyatiletki Square,13,,
Комсомольская,Площадь,Komsomolskaya Square,13,,
1-я Заводская,Улица,1st Zavodskaya Street,13,,
2-я Заводская,Улица,2nd Zavodskaya Street,13,,
3-й Пятилетки,Улица,3 Pyatiletki Street,13,,
Академическая,Улица,Akademicheskaya Street,13,,
Аквамариновая,Улица,Akvamarinovaya Street,13,,
Анны Бычковой,Улица,Anny Bychkovoy Street,13,,
Антона Валека,Улица,Antona Valeka Street,13,,
Артиллеристов,Улица,Artilleristov Street,13,,
Белореченская,Улица,Belorechenskaya Street,13,,
Билимбаевская,Улица,Bilimbayevskaya Street,13,,
Боевых дружин,Улица,Boyevykh Druzhin Street,13,,
Валимхаматова,Улица,Valimkhamatova Street,13,,
Весёлая горка,Улица,Vesyolaya Gorka Street,13,,
Волгоградская,Улица,Volgogradskaya Street,13,,
Воскресенская,Улица,Voskresenskaya Street,13,,
Высокогорская,Улица,Vysokogorskaya Street,13,,
Геодезическая,Улица,Geodezicheskaya Street,13,,
Геологическая,Улица,Geologicheskaya Street,13,,
Героев России,Улица,Geroyev Rossii Street,13,,
Грибная горка,Улица,Gribnaya Gorka Street,13,,
Дирижабельная,Улица,Dirizhabelnaya Street,13,,
Зеленогорская,Улица,Zelenogorskaya Street,13,,
Золотые пески,Улица,Zolotye Pyeski Street,13,,
Зоологическая,Улица,Zoologicheskaya Street,13,,
Изобретателей,Улица,Izobretateley Street,13,,
Инновационная,Улица,Innovatsionnaya Street,13,,
Кировградская,Улица,Kirovgradskaya Street,13,,
Комсомольская,Улица,Komsomolskaya Street,13,,
Кондукторская,Улица,Konduktorskaya Street,13,,
Кооперативная,Улица,Kooperativnaya Street,13,,
Красная горка,Улица,Krasnaya Gorka Street,13,,
Краснодарская,Улица,Krasnodarskaya Street,13,,
Краснокамская,Улица,Krasnokamskaya Street,13,,
Краснопрудная,Улица,Krasnoprudnaya Street,13,,
Краснофлотцев,Улица,Krasnoflottsev Street,13,,
Кронштадтская,Улица,Kronshtadtskaya Street,13,,
Ленинградская,Улица,Leningradskaya Street,13,,
Макарьевская ,Улица,Makaryevskaya Street,13,,
Малая съезжая,Улица,Malaya Syezzhaya Street,13,,
Малогородская,Улица,Malogorodskaya Street,13,,
Малоистокская,Улица,Maloistokskaya Street,13,,
Малореченская,Улица,Malorechenskaya Street,13,,
Механизаторов,Улица,Mekhanizatorov Street,13,,
Народной воли,Улица,Narodnoy Voli Street,13,,
Новгородцевой,Улица,Novgorodtsevoy Street,13,,
Новорешётская,Улица,Novoreshotskaya Street,13,,
Новосибирская,Улица,Novosibirskaya Street,13,,
Оперативников,Улица,Operativnikov Street,13,,
Перспективная,Улица,Perspektivnaya Street,13,,
Пограничников,Улица,Pogranichnikov Street,13,,
Прибалтийская,Улица,Pribaltiyskaya Street,13,,
Привокзальная,Улица,Privokzalnaya Street,13,,
Романтическая,Улица,Romanticheskaya Street,13,,
Самаркандская,Улица,Samarkandskaya Street,13,,
Селькоровская,Улица,Selkorovskaya Street,13,,
Семёна Лагоды,Улица,Semyona Lagody Street,13,,
Современников,Улица,Sovremennikov Street,13,,
Сортировочная,Улица,Sortirovochnaya Street,13,,
Старосельская,Улица,Staroselskaya Street,13,,
Старый карьер,Улица,Stary Karyer Street,13,,
Строгальщиков,Улица,Strogalshchikov Street,13,,
Фрезеровщиков,Улица,Frezerovshchikov Street,13,,
Чернышевского,Улица,Chernyshevskogo Street,13,,
Черняховского,Улица,Chernyakhovskogo Street,13,,
Чистопольская,Улица,Chistopolskaya Street,13,,
Эдельвейсовая,Улица,Edelveysovaya Street,13,,
Южноистокская,Улица,Yuzhnoistokskaya Street,13,,
Юрия Исламова,Улица,Yuriya Islamova Street,13,,
Петра Кожемяко,Бульвар,Petra Kozhemyako Boulevard,14,,
Сергея Есенина,Бульвар,Sergeya Yesenina Boulevard,14,,
Белостановский,Переулок,Belostanovskiy Lane,14,,
Высоковольтный,Переулок,Vysokovoltny Lane,14,,
Златоустовский,Переулок,Zlatoustovskiy Lane,14,,
Исполкомовский,Переулок,Ispolkomovskiy Lane,14,,
Транспортников,Переулок,Transportnikov Lane,14,,
Большой Конный,Полуостров ,Bolshoy Konniy Poluostrov,14,,
1-я Причальная,Улица,1st Prichalnaya Street,14,,
2-я Причальная,Улица,2nd Prichalnaya Street,14,,
3-я Причальная,Улица,3rd Prichalnaya Street,14,,
4-я Причальная,Улица,4th Prichalnaya Street,14,,
5-я Причальная,Улица,5th Prichalnaya Street,14,,
Агрономическая,Улица,Agronomicheskaya Street,14,,
Большие караси,Улица,Bolshiye Karasi Street,14,,
Бориса Ельцина,Улица,Borisa Yeltsina Street,14,,
Военного флота,Улица,Voyennogo Flota Street,14,,
Данилы Зверева,Улица,Danily Zvereva Street,14,,
Единого фронта,Улица,Yedinogo Fronta Street,14,,
Зелёная поляна,Улица,Zelyonaya Polyana Street,14,,
Зелёный остров,Улица,Zelyony Ostrov Street,14,,
Ивана Грязнова,Улица,Ivana Gryaznova Street,14,,
Исследователей,Улица,Issledovateley Street,14,,
Красноуфимская,Улица,Krasnoufimskaya Street,14,,
Красных борцов,Улица,Krasnykh Bortsov Street,14,,
Маршала Жукова,Улица,Marshala Zhukova Street,14,,
Николая Дёмина,Улица,Nikolaya Dyomina Street,14,,
Олега Кошевого,Улица,Olega Koshevogo Street,14,,
Павла Шаманова,Улица,Pavla Shamanova Street,14,,
Патрушихинская,Улица,Patrushikhinskaya Street,14,,
Педагогическая,Улица,Pedagogicheskaya Street,14,,
Первопроходцев,Улица,Pervoprokhodtsev Street,14,,
Рождественская,Улица,Rozhdestvenskaya Street,14,,
Сони Морозовой,Улица,Soni Morozovoy Street,14,,
Степана Разина,Улица,Stepana Razina Street,14,,
Шахты партизан,Улица,Shakhty Partizan Street,14,,
Елизаветинское,Шоссе,Yelizavetinskoye Highway,14,,
Красноармейский,Переулок,Krasnoarmeyskiy Lane,15,,
Краснополянский,Переулок,Krasnopolyanskiy Lane ,15,,
Университетский,Переулок,Universitetskiy Lane,15,,
Советской Армии,Площадь,Sovetskoy Armii Square,15,,
XXII Партсъезда,Улица,22 Partsyezda Street,15,,
Александровская,Улица,Aleksandrovskaya Street,15,,
Аркадия Гайдара,Улица,Arkadiya Gaidara Street,15,,
Берёзовый ключ ,Улица,Beryozovy Klyuch Street,15,,
Большая съезжая,Улица,Bolshaya Syezzhaya Street,15,,
Братьев Быковых,Улица,Bratyev Bykovykh Street,15,,
Василия Ерёмина,Улица,Vasiliya Yeryomina Street,15,,
Владивостокская,Улица,Vladivostokskaya Street,15,,
Дальневосточная,Улица,Dalnevostochnaya Street,15,,
Дальний березит,Улица,Dalniy Berezit Street,15,,
Демьяна Бедного,Улица,Demyana Bednogo Street,15,,
Евгения Савкова,Улица,Yevgeniya Savkova Street,15,,
Инженера Алиева,Улица,Inzhenera Aliyeva Street,15,,
Карла Либкнехта,Улица,Karla Liebknechta Street,15,,
Красноармейская,Улица,Krasnoarmeyskaya Street,15,,
Краснознамённая,Улица,Krasnoznamyonnaya Street,15,,
Красноуральская,Улица,Krasnouralskaya Street,15,,
Крупносортщиков,Улица,Krupnosortshchikov Street,15,,
Леонида Утёсова,Улица,Leonida Utyosova Street,15,,
Мамина-Сибиряка,Улица,Mamina-Sibiryaka Street,15,,
Новокольцовская,Улица,Novokoltsovskaya Street,15,,
Патриса Лумумбы,Улица,Patrisa Lumumby Street,15,,
Петропавловская,Улица,Petropavlovskaya Street,15,,
Республиканская,Улица,Respublikanskaya Street,15,,
Розы Люксембург,Улица,Rosy Luxemburg Street,15,,
Светлореченская,Улица,Svetlorechenskaya Street,15,,
Севастопольская,Улица,Sevastopolskaya Street,15,,
Симферопольская,Улица,Simferopolskaya Street,15,,
Софьи Перовской,Улица,Sofyi Perovskoy Street,15,,
Среднеуральская,Улица,Sredneuralskaya Street,15,,
Технологическая,Улица,Tekhnologicheskaya Street,15,,
Физкультурников,Улица,Fizkulturnikov Street,15,,
Широкореченская,Улица,Shirokorechenskaya Street,15,,
Рабочей молодёжи,Набережная,Rabochey Molodyozhi Riverfront,16,,
Василия Баранова,Переулок,Vasiliya Baranova Lane,16,,
Многостаночников,Переулок,Mnogostanochnikov Lane,16,,
Производственный,Переулок,Proizvodstvenny Lane,16,,
40-летия Октября,Улица,40-letiya Oktyabrya Street,16,,
Адмирала Ушакова,Улица,Admirala Ushakova Street,16,,
Академика Шварца,Улица,Akademika Shvartsa Street,16,,
Алексея Толстого,Улица,Alekseya Tolstogo Street,16,,
Глеба Успенского,Улица,Gleba Uspenskogo Street,16,,
Долорес Ибаррури,Улица,Dolores Ibarruri Street,16,,
Землеустроителей,Улица,Zemleustroiteley Street,16,,
Коммунистическая,Улица,Kommunisticheskaya Street,16,,
Красных партизан,Улица,Krasnykh Partizan Street,16,,
Лидии Руслановой,Улица,Lidii Ruslanovoy Street,16,,
Максима Горького,Улица,Maksima Gorkogo Street,16,,
Малая Караванная,Улица,Malaya Karavannaya Street,16,,
Машиностроителей,Улица,Mashinostroiteley Street,16,,
Михаила Одинцова,Улица,Mikhaila Odintsova Street,16,,
Молодогвардейцев,Улица,Molodogvardeytsev Street,16,,
Народного фронта,Улица,Narodnogo Fronta Street,16,,
Николая Кичигина,Улица,Nikolaya Kichigina Street,16,,
Николая Никонова,Улица,Nikolaya Nikonova Street,16,,
Новокомбинатская,Улица,Novokombinatskaya Street,16,,
Сакко и Ванцетти,Улица,Sacco i Vanzetti Street,16,,
Северная околица,Улица,Severnaya Okolitsa Street,16,,
Советских женщин,Улица,Sovetskikh Zhenshchin Street,16,,
Социалистическая,Улица,Sotsialisticheskaya Street,16,,
Фронтовых бригад,Улица,Frontovykh Brigad Street,16,,
Электростилочная,Улица,Elektrostilochnaya Street,16,,
Энергостроителей,Улица,Energostroiteley Street,16,,
Центральный рынок,Переулок,Tsentralny Rynok Lane,17,,
Парижской Коммуны,Площадь,Parizhskoy Kommuny Square,17,,
2-я Новосибирская,Улица,2nd Novosibirskaya Street,17,,
Автомагистральная,Улица,Avtomagistralnaya Street,17,,
Академика Бардина,Улица,Akademika Bardina Street,17,,
Академика Губкина,Улица,Akademika Gubkina Street,17,,
Академика Павлова,Улица,Akademika Pavlova Street,17,,
Алексея Стаханова,Улица,Alekseya Stakhanova Street,17,,
Анатолия Муранова,Улица,Anatoliya Muranova Street,17,,
Верхнемакаровская,Улица,Verkhnemakarovskaya Street,17,,
Владимира Трошина,Улица,Vladimira Troshina Street,17,,
Гражданской войны,Улица,Grazhdanskoy Voyny Street,17,,
Железнодорожников,Улица,Zheleznodorozhnikov Street,17,,
Испанских рабочих,Улица,Ispanskikh Rabochikh Street,17,,
Красногвардейская,Улица,Krasnogvardeyskaya Street,17,,
Начдива Васильева,Улица,Nachdiva Vasilyeva Street,17,,
Начдива Онуфриева,Улица,Nachdiva Onufriyeva Street,17,,
Пальмиро Тольятти,Улица,Palmiro Togliatti Street,17,,
Северных радистов,Улица,Severnykh Radistov Street,17,,
Софьи Ковалевской,Улица,Sofyi Kovalevskoy Street,17,,
Уральских рабочих,Улица,Uralskikh Rabochikh Street,17,,
Хрустальногорская,Улица,Khrustalnogorskaya Street,17,,
Владимира Естехина,Бульвар,Vladimira Yestekhina Boulevard,18,,
Академика Сахарова,Проспект,Akademika Sakharova Avenue,18,,
40-летия Комсомола,Улица,40-letiya Komsomola Street,18,,
III Интернационала,Улица,3 Internatsionala Street,18,,
Академика Ферсмана,Улица,Akademika Fersmana Street,18,,
Григория Речкалова,Улица,Grigoriya Rechkalova Street,18,,
Инструментальщиков,Улица,Instrumentalshchikov Street,18,,
Красных командиров,Улица,Krasnykh Komandirov Street,18,,
Серафимы Дерябиной,Улица,Serafimy Deryabinoy Street,18,,
Старых большевиков,Улица,Starykh Bolshevikov Street,18,,
Юлиуса ФучикаA1597,Улица,Juliusa Fuchika Street,18,,
Денисова-Уральского,Бульвар,Denisova-Uralskogo Boulevard,19,,
Анатолия Мехренцева,Улица,Anatoliya Mekhrentseva Street,19,,
Владимира Высоцкого,Улица,Vladimira Vysotskogo Street,19,,
Зои Космодемьянской,Улица,Zoi Kosmodemyanskoy Street,19,,
Николая Островского,Улица,Nikolaya Ostrovskogo Street,19,,
Уральских краеведов,Улица,Uralskikh Krayevedov Street,19,,
Архитектора Малахова,Бульвар,Arkhitektora Malakhova Boulevard,20,,
Новосвердловская ТЭЦ,Территория,Novosverdlovskaya TETs (territory),20,,
Автономных республик,Улица,Avtonomnykh Respublik Street,20,,
Александра Матросова,Улица,Aleksandra Matrosova Street,20,,
Бакинских комиссаров,Улица,Bakinskikh Komissarov Street,20,,
Большая Георгиевская,Улица,Bolshaya Georgiyevskaya Street,20,,
Уральских коммунаров,Улица,Uralskikh Kommunarov Street,20,,
Академика Семихатова ,Бульвар,Akademika Semikhatova Boulevard,21,,
Академика Вонсовского,Улица,Akademika Vonsovskogo Street,21,,
Академика Карпинского,Улица,Akademika Karpinskogo Street,21,,
Академика Постовского,Улица,Akademika Postovskogo Street,21,,
Венгерских коммунаров,Улица,Vengerskikh Kommunarov Street,21,,
Вильгельма де Геннина,Улица,Wilhelma de Gennina Street,21,,
Октябрьской революции,Улица,Oktyabrskoy Revolyutsii Street,21,,
Февральской революции,Улица,Fevralskoy Revolyutsii Street,21,,
Дублёр Сибирского тракта,Тракт,Sibirskiy Highway (double),24,,
"Большая Георгиевская, 1-я линия",Улица,"Bolshaya Georgiyevskaya Street, 1st Line",31,,
"Большая Георгиевская, 2-я линия",Улица,"Bolshaya Georgiyevskaya Street, 2nd Line",31,,
"Большая Георгиевская, 3-я линия",Улица,"Bolshaya Georgiyevskaya Street, 3rd Line",31,,
"Большая Георгиевская, 4-я линия",Улица,"Bolshaya Georgiyevskaya Street, 4th Line",31,,
"Большая Георгиевская, 5-я линия",Улица,"Bolshaya Georgiyevskaya Street, 5th line",31,,
"Большая Георгиевская, 6-я линия",Улица,"Bolshaya Georgiyevskaya Street, 6th Line",31,,
"Большая Георгиевская, 7-я линия",Улица,"Bolshaya Georgiyevskaya Street, 7th Line",31,,
"Большая Георгиевская, 8-я линия",Улица,"Bolshaya Georgiyevskaya Street, 8th Line",31,,
"Большая Георгиевская, 9-я линия",Улица,"Bolshaya Georgiyevskaya Street, 9th Line",31,,
"Большая Георгиевская, 10-я линия",Улица,"Bolshaya Georgiyevskaya Street, 10th Line",32,,
"Большая Георгиевская, 11-я линия",Улица,"Bolshaya Georgiyevskaya Street, 11th Line",32,,
"Большая Георгиевская, 12-я линия",Улица,"Bolshaya Georgiyevskaya Street, 12th Line",32,,
"Большая Георгиевская, 13-я линия",Улица,"Bolshaya Georgiyevskaya Street, 13th Line",32,,
"Большая Георгиевская, 14-я линия",Улица,"Bolshaya Georgiyevskaya Street, 14th Line",32,,
"Большая Георгиевская, 15-я линия",Улица,"Bolshaya Georgiyevskaya Street, 15th Line",32,,
Преподобного Сергия Радонежского,Улица,Prepodobnogo Sergiya Radonezhskogo Street,32,,
Уральского добровольческого танкового корпуса,Площадь,Uralskogo Dobrovolcheskogo Tankovogo Korpusa Square,45,,